amc,interactif
3G21,
3G30,
3G31,
3G32-1,
4C21,
4C32-1,4C32-1
4C32,
4C34,
,4G20
4G30,
4G40,
5L10-2,5L10-2
5L10,5L10
5L14-2,5L14-2
5N13-2,
5N13,
5N20,5N20
5R10,
5R20-2,5R20-2
5R20,5R20
6C10-2,6C10-2
6C10-3,6C10-3
6C10-5,
,6C10
6C10bis,
6C11-1,
6C11,
6C20,
6C21,
6C23,6C23
6C30-1,
6C30-2,
6C30-3,6C30-3
6C30-4,6C30-4
6C30-5,6C30-5
6C30,
6C31,
6G23-1,6G23-1
6G33,6G33
6G41,
6N23-5,6N23-5
6N31-3,6N31-3
6N33-1,
6N41,6N41
6N43-2,
6N43-3,6N43-3
6N43,6N43
CM000,CM000
,CM001
,CM002
,CM003
,CM004
,CM005
,CM006
,CM007
,CM008
,CM009
,CM010
,CM011
,CM012
,CM013
,CM014
,CM015
,CM016
